{"Species":{"0":"Zonotrichia","1":"Junco","2":"Melospiza","3":"Melospiza","4":"Seiurus","5":"Catharus","6":"Certhia","7":"Oreothlypis","8":"Passerella","9":"catharus","10":"Melospiza","11":"Oreothlypis","12":"Geothlypis","13":"Spizelloides","14":"Setophaga","15":"Zonotrichia","16":"Regulus","17":"Parkesia","18":"Setophaga","19":"setophaga","20":"Catharus","21":"Setophaga","22":"Catharus","23":"Passerina","24":"Setophaga","25":"Mniotilta","26":"dumetella","27":"Hylocichla","28":"troglodytes","29":"geothlypis","30":"Regulus","31":"Pheucticus","32":"Oporornis","33":"Spizella","34":"Setophaga","35":"Setophaga","36":"Passerculus","37":"Sitta","38":"Cardellina","39":"Oreothlypis","40":"Setophaga","41":"Setophaga","42":"Cardellina","43":"Setophaga","44":"Setophaga","45":"Empidonax","46":"Toxostoma","47":"Vireo","48":"Piranga","49":"Ammodramus","50":"Troglodytes","51":"Empidonax","52":"cistothorus","53":"Icterus","54":"Pipilo","55":"Setophaga","56":"Contopus","57":"Empidonax","58":"Spizella","59":"Cistothorus","60":"Setophaga","61":"Ammospiza","62":"Vermivora","63":"Spizella","64":"Setophaga","65":"Myiarchus","66":"Ammospiza","67":"Sayornis","68":"vireo","69":"Geothlypis","70":"Vermivora","71":"icteria","72":"Parkesia","73":"Sturnella","74":"Vireo","75":"Vireo","76":"Pooecetes","77":"Centronyx","78":"Piranga","79":"Empidonax","80":"Icterus","81":"Polioptila","82":"Protonotaria","83":"Setophaga","84":"Contopus","85":"Tyrannus","86":"Setophaga","87":"Vireo","88":"zonotrichia","89":"Lanius","90":"Passerina","91":"Empidonax","92":"Melospiza","93":"Vireo","94":"Vireo","95":"Certhia"},"Family":{"0":"albicollis","1":"hyemalis","2":"melodia","3":"georgiana","4":"aurocapilla","5":"guttatus","6":"americana","7":"peregrina","8":"iliaca","9":"ustulatus","10":"lincolnii","11":"ruficapilla","12":"trichas","13":"arborea","14":"magnolia","15":"leucophrys","16":"satrapa","17":"noveboracensis","18":"coronata","19":"ruticilla","20":"minimus","21":"striata","22":"fuscescens","23":"cyanea","24":"palmarum","25":"varia","26":"carolinensis","27":"mustelina","28":"hiemalis","29":"philadelphia","30":"calendula","31":"ludovicianus","32":"agilis","33":"pusilla","34":"pensylvanica","35":"castanea","36":"sandwichensis","37":"canadensis","38":"canadensis","39":"celata","40":"virens","41":"fusca","42":"pusilla","43":"caerulescens","44":"tigrina","45":"traillii","46":"rufum","47":"olivaceus","48":"olivacea","49":"savannarum","50":"aedon","51":"minimus","52":"palustris","53":"galbula","54":"erythrophthalmus","55":"petechia","56":"virens","57":"flaviventris","58":"passerina","59":"platensis","60":"americana","61":"nelsoni","62":"chrysoptera","63":"pallida","64":"pinus","65":"crinitus","66":"leconteii","67":"phoebe","68":"solitarius","69":"formosa","70":"cyanoptera","71":"virens","72":"motacilla","73":"magna","74":"flavifrons","75":"philadelphicus","76":"gramineus","77":"henslowii","78":"rubra","79":"virescens","80":"spurius","81":"caerulea","82":"citrea","83":"citrina","84":"cooperi","85":"tyrannus","86":"cerulea","87":"gilvus","88":"querula","89":"excubitor","90":"caerulea","91":"traillii","92":"georgiana","93":"gilvus","94":"flavifrons","95":"americana"},"Collisions":{"0":"Passerellidae","1":"Passerellidae","2":"Passerellidae","3":"Passerellidae","4":"Parulidae","5":"Turdidae","6":"Certhiidae","7":"Parulidae","8":"Passerellidae","9":"Turdidae","10":"Passerellidae","11":"Parulidae","12":"Parulidae","13":"Passerellidae","14":"Parulidae","15":"Passerellidae","16":"Regulidae","17":"Parulidae","18":"Parulidae","19":"Parulidae","20":"Turdidae","21":"Parulidae","22":"Turdidae","23":"Cardinalidae","24":"Parulidae","25":"Parulidae","26":"Mimidae","27":"Turdidae","28":"Troglodytidae","29":"Parulidae","30":"Regulidae","31":"Cardinalidae","32":"Parulidae","33":"Passerellidae","34":"Parulidae","35":"Parulidae","36":"Passerellidae","37":"Sittidae","38":"Parulidae","39":"Parulidae","40":"Parulidae","41":"Parulidae","42":"Parulidae","43":"Parulidae","44":"Parulidae","45":"Tyrannidae","46":"Mimidae","47":"Vireonidae","48":"Cardinalidae","49":"Passerellidae","50":"Troglodytidae","51":"Tyrannidae","52":"Troglodytidae","53":"Icteridae","54":"Passerellidae","55":"Parulidae","56":"Tyrannidae","57":"Tyrannidae","58":"Passerellidae","59":"Troglodytidae","60":"Parulidae","61":"Passerellidae","62":"Parulidae","63":"Passerellidae","64":"Parulidae","65":"Tyrannidae","66":"Passerellidae","67":"Tyrannidae","68":"Vireonidae","69":"Parulidae","70":"Parulidae","71":"Icteriidae","72":"Parulidae","73":"Icteridae","74":"Vireonidae","75":"Vireonidae","76":"Passerellidae","77":"Passerellidae","78":"Cardinalidae","79":"Tyrannidae","80":"Icteridae","81":"Polioptilidae","82":"Parulidae","83":"Parulidae","84":"Tyrannidae","85":"Tyrannidae","86":"Parulidae","87":"Vireonidae","88":"Passerellidae","89":"Laniidae","90":"Cardinalidae","91":"Tyrannidae","92":"Passerellidae","93":"Vireonidae","94":"Vireonidae","95":"Certhiidae"},"Flight":{"0":10133,"1":6303,"2":5124,"3":4910,"4":4580,"5":3729,"6":2676,"7":2515,"8":2443,"9":2331,"10":2029,"11":1690,"12":1555,"13":1262,"14":1224,"15":1090,"16":1029,"17":916,"18":887,"19":868,"20":822,"21":787,"22":727,"23":725,"24":694,"25":620,"26":599,"27":500,"28":474,"29":430,"30":416,"31":397,"32":365,"33":325,"34":303,"35":287,"36":274,"37":260,"38":241,"39":227,"40":223,"41":201,"42":185,"43":183,"44":182,"45":177,"46":166,"47":133,"48":127,"49":106,"50":104,"51":96,"52":91,"53":83,"54":82,"55":77,"56":70,"57":68,"58":68,"59":60,"60":59,"61":55,"62":53,"63":50,"64":49,"65":28,"66":25,"67":24,"68":18,"69":16,"70":16,"71":15,"72":15,"73":13,"74":12,"75":12,"76":10,"77":9,"78":9,"79":7,"80":6,"81":6,"82":6,"83":5,"84":4,"85":4,"86":3,"87":2,"88":2,"89":1,"90":1,"91":177,"92":4910,"93":2,"94":12,"95":2676},"Call":{"0":"Yes","1":"Yes","2":"Yes","3":"Yes","4":"Yes","5":"Yes","6":"Yes","7":"Yes","8":"Yes","9":"Yes","10":"yes","11":"Yes","12":"Yes","13":"Yes","14":"yes","15":"Yes","16":"Yes","17":"Yes","18":"yes","19":"Yes","20":"Yes","21":"Yes","22":"Yes","23":"yes","24":"Yes","25":"Yes","26":"no","27":"Yes","28":"No","29":"Yes","30":"No","31":"Yes","32":"Yes","33":"Yes","34":"Yes","35":"Yes","36":"yes","37":"Yes","38":"Yes","39":"Yes","40":"Yes","41":"Yes","42":"Yes","43":"Yes","44":"Yes","45":"No","46":"No","47":"No","48":"Yes","49":"Yes","50":"No","51":"No","52":"No","53":"Yes","54":"Rare","55":"Yes","56":"No","57":"No","58":"Yes","59":"no","60":"Yes","61":"Yes","62":"Yes","63":"Yes","64":"Yes","65":"No","66":"Yes","67":"No","68":"No","69":"Yes","70":"Yes","71":"no","72":"Yes","73":"Yes","74":"No","75":"No","76":"Yes","77":"Yes","78":"Yes","79":"No","80":"Yes","81":"No","82":"Yes","83":"yes","84":"No","85":"Rare","86":"Yes","87":"No","88":"Yes","89":"No","90":"Yes","91":"No","92":"Yes","93":"No","94":"No","95":"Yes"},"Habitat":{"0":"Forest","1":"Edge","2":"Edge","3":"Open","4":"Forest","5":"Forest","6":"Forest","7":"Edge","8":"Edge","9":"Forest","10":"edge","11":"Forest","12":"Open","13":"Edge","14":"forest","15":"Edge","16":"Forest","17":"Forest","18":"forest","19":"Edge","20":"Forest","21":"Forest","22":"Forest","23":"edge","24":"Edge","25":"Forest","26":"edge","27":"Forest","28":"Forest","29":"Edge","30":"Forest","31":"Forest","32":"Forest","33":"Open","34":"Edge","35":"Forest","36":"open","37":"Forest","38":"Forest","39":"Edge","40":"Forest","41":"Forest","42":"Edge","43":"Forest","44":"Forest","45":"Open","46":"Edge","47":"Forest","48":"Forest","49":"Open","50":"Edge","51":"Edge","52":"Open","53":"Edge","54":"Edge","55":"Edge","56":"Forest","57":"Forest","58":"Edge","59":"open","60":"Forest","61":"Open","62":"Edge","63":"Open","64":"Forest","65":"Edge","66":"Open","67":"Edge","68":"Forest","69":"Forest","70":"Edge","71":"edge","72":"Forest","73":"Open","74":"Forest","75":"Forest","76":"Open","77":"Open","78":"Forest","79":"Forest","80":"Edge","81":"Forest","82":"Forest","83":"forest","84":"Edge","85":"Open","86":"Forest","87":"Forest","88":"Edge","89":"Open","90":"Edge","91":"Open","92":"Open","93":"Forest","94":"Forest","95":"Forest"},"Stratum":{"0":"Lower","1":"Lower","2":"Lower","3":"Lower","4":"Lower","5":"Lower","6":"Upper","7":"Upper","8":"Lower","9":"Lower","10":"Lower","11":"Upper","12":"Lower","13":"Lower","14":"Upper","15":"Lower","16":"Upper","17":"Lower","18":"Upper","19":"Upper","20":"Lower","21":"Upper","22":"Lower","23":"Upper","24":"Lower","25":"Upper","26":"Lower","27":"Lower","28":"Lower","29":"Lower","30":"Upper","31":"Upper","32":"Lower","33":"Lower","34":"Upper","35":"Upper","36":"Lower\t","37":"Upper","38":"Lower","39":"Lower","40":"Upper","41":"Upper","42":"Lower","43":"Upper","44":"Upper","45":"Upper","46":"Lower","47":"Upper","48":"Upper","49":"Lower","50":"Lower","51":"Upper","52":"Lower","53":"Upper","54":"Lower","55":"Upper","56":"Upper","57":"Upper","58":"Lower","59":"Lower","60":"Upper","61":"Lower","62":"Upper","63":"Lower","64":"Upper","65":"Upper","66":"Lower","67":"Upper","68":"Upper","69":"Lower","70":"Upper","71":"Lower","72":"Lower","73":"Lower","74":"Upper","75":"Upper","76":"Lower","77":"Lower","78":"Upper","79":"Upper","80":"Upper","81":"Upper","82":"Upper","83":"Upper","84":"Upper","85":"Upper","86":"Upper","87":"Upper","88":"Lower","89":"Upper","90":"Upper","91":"Upper","92":"Lower","93":"Upper","94":"Upper","95":"Upper"}}